SKU ID,SKU Name,Week Start Date,Week Number,Month,Year,Actual Demand Units,Actual Sales Units,Lost Sales Units,Stockout,Is Promotion Week,Revenue CAD,Lost Revenue CAD,Gross Profit CAD,4 Week Moving Average,Unit Price CAD,Unit Cost CAD
NS-CHIP-001,NorthSnack Original Chips 200g,2023-01-02,1,2023-01,2023,1950,1950,0,No,No,6805.5,0.0,4621.5,1950,3.49,1.12
NS-CHIP-001,NorthSnack Original Chips 200g,2023-01-09,2,2023-01,2023,1693,1693,0,No,No,5908.57,0.0,4012.41,1821,3.49,1.12
NS-CHIP-001,NorthSnack Original Chips 200g,2023-01-16,3,2023-01,2023,1820,1820,0,No,No,6351.8,0.0,4313.4,1821,3.49,1.12
NS-CHIP-001,NorthSnack Original Chips 200g,2023-01-23,4,2023-01,2023,2077,2077,0,No,No,7248.73,0.0,4922.49,1885,3.49,1.12
NS-CHIP-001,NorthSnack Original Chips 200g,2023-01-30,5,2023-01,2023,1851,1851,0,No,No,6459.99,0.0,4386.87,1860,3.49,1.12
NS-CHIP-001,NorthSnack Original Chips 200g,2023-02-06,6,2023-02,2023,1785,1785,0,No,No,6229.65,0.0,4230.45,1883,3.49,1.12
NS-CHIP-001,NorthSnack Original Chips 200g,2023-02-13,7,2023-02,2023,1410,1410,0,No,No,4920.9,0.0,3341.7,1780,3.49,1.12
NS-CHIP-001,NorthSnack Original Chips 200g,2023-02-20,8,2023-02,2023,2179,2179,0,No,Yes,7604.71,0.0,5164.23,1806,3.49,1.12
NS-CHIP-001,NorthSnack Original Chips 200g,2023-02-27,9,2023-02,2023,1678,1678,0,No,No,5856.22,0.0,3976.86,1763,3.49,1.12
NS-CHIP-001,NorthSnack Original Chips 200g,2023-03-06,10,2023-03,2023,1684,1684,0,No,No,5877.16,0.0,3991.08,1737,3.49,1.12
NS-CHIP-001,NorthSnack Original Chips 200g,2023-03-13,11,2023-03,2023,1198,1198,0,No,No,4181.02,0.0,2839.26,1684,3.49,1.12
NS-CHIP-001,NorthSnack Original Chips 200g,2023-03-20,12,2023-03,2023,1468,1468,0,No,No,5123.32,0.0,3479.16,1507,3.49,1.12
NS-CHIP-001,NorthSnack Original Chips 200g,2023-03-27,13,2023-03,2023,1814,1814,0,No,No,6330.86,0.0,4299.18,1541,3.49,1.12
NS-CHIP-001,NorthSnack Original Chips 200g,2023-04-03,14,2023-04,2023,1510,625,885,Yes,No,2181.25,3088.65,1481.25,1497,3.49,1.12
NS-CHIP-001,NorthSnack Original Chips 200g,2023-04-10,15,2023-04,2023,1509,124,1385,Yes,No,432.76,4833.65,293.88,1575,3.49,1.12
NS-CHIP-001,NorthSnack Original Chips 200g,2023-04-17,16,2023-04,2023,1287,1287,0,No,No,4491.63,0.0,3050.19,1530,3.49,1.12
NS-CHIP-001,NorthSnack Original Chips 200g,2023-04-24,17,2023-04,2023,1507,1507,0,No,No,5259.43,0.0,3571.59,1453,3.49,1.12
NS-CHIP-001,NorthSnack Original Chips 200g,2023-05-01,18,2023-05,2023,1587,1587,0,No,No,5538.63,0.0,3761.19,1472,3.49,1.12
NS-CHIP-001,NorthSnack Original Chips 200g,2023-05-08,19,2023-05,2023,1710,1710,0,No,No,5967.9,0.0,4052.7,1522,3.49,1.12
NS-CHIP-001,NorthSnack Original Chips 200g,2023-05-15,20,2023-05,2023,1652,1652,0,No,No,5765.48,0.0,3915.24,1614,3.49,1.12
NS-CHIP-001,NorthSnack Original Chips 200g,2023-05-22,21,2023-05,2023,1443,1443,0,No,No,5036.07,0.0,3419.91,1598,3.49,1.12
NS-CHIP-001,NorthSnack Original Chips 200g,2023-05-29,22,2023-05,2023,2258,2258,0,No,Yes,7880.42,0.0,5351.46,1765,3.49,1.12
NS-CHIP-001,NorthSnack Original Chips 200g,2023-06-05,23,2023-06,2023,1642,1642,0,No,No,5730.58,0.0,3891.54,1748,3.49,1.12
NS-CHIP-001,NorthSnack Original Chips 200g,2023-06-12,24,2023-06,2023,1724,1724,0,No,No,6016.76,0.0,4085.88,1766,3.49,1.12
NS-CHIP-001,NorthSnack Original Chips 200g,2023-06-19,25,2023-06,2023,1773,1773,0,No,No,6187.77,0.0,4202.01,1849,3.49,1.12
NS-CHIP-001,NorthSnack Original Chips 200g,2023-06-26,26,2023-06,2023,1966,1966,0,No,No,6861.34,0.0,4659.42,1776,3.49,1.12
NS-CHIP-001,NorthSnack Original Chips 200g,2023-07-03,27,2023-07,2023,1541,1541,0,No,No,5378.09,0.0,3652.17,1751,3.49,1.12
NS-CHIP-001,NorthSnack Original Chips 200g,2023-07-10,28,2023-07,2023,1960,906,1054,Yes,No,3161.94,3678.46,2147.22,1810,3.49,1.12
NS-CHIP-001,NorthSnack Original Chips 200g,2023-07-17,29,2023-07,2023,2186,285,1901,Yes,No,994.65,6634.49,675.45,1913,3.49,1.12
NS-CHIP-001,NorthSnack Original Chips 200g,2023-07-24,30,2023-07,2023,1480,191,1289,Yes,No,666.59,4498.61,452.67,1791,3.49,1.12
NS-CHIP-001,NorthSnack Original Chips 200g,2023-07-31,31,2023-07,2023,2046,2046,0,No,No,7140.54,0.0,4849.02,1918,3.49,1.12
NS-CHIP-001,NorthSnack Original Chips 200g,2023-08-07,32,2023-08,2023,1965,1965,0,No,No,6857.85,0.0,4657.05,1919,3.49,1.12
NS-CHIP-001,NorthSnack Original Chips 200g,2023-08-14,33,2023-08,2023,1999,1999,0,No,No,6976.51,0.0,4737.63,1872,3.49,1.12
NS-CHIP-001,NorthSnack Original Chips 200g,2023-08-21,34,2023-08,2023,2140,2140,0,No,No,7468.6,0.0,5071.8,2037,3.49,1.12
NS-CHIP-001,NorthSnack Original Chips 200g,2023-08-28,35,2023-08,2023,2207,2207,0,No,No,7702.43,0.0,5230.59,2077,3.49,1.12
NS-CHIP-001,NorthSnack Original Chips 200g,2023-09-04,36,2023-09,2023,2782,2782,0,No,Yes,9709.18,0.0,6593.34,2282,3.49,1.12
NS-CHIP-001,NorthSnack Original Chips 200g,2023-09-11,37,2023-09,2023,2398,2398,0,No,No,8369.02,0.0,5683.26,2381,3.49,1.12
NS-CHIP-001,NorthSnack Original Chips 200g,2023-09-18,38,2023-09,2023,2380,2380,0,No,No,8306.2,0.0,5640.6,2441,3.49,1.12
NS-CHIP-001,NorthSnack Original Chips 200g,2023-09-25,39,2023-09,2023,2292,2292,0,No,No,7999.08,0.0,5432.04,2463,3.49,1.12
NS-CHIP-001,NorthSnack Original Chips 200g,2023-10-02,40,2023-10,2023,1972,1972,0,No,No,6882.28,0.0,4673.64,2260,3.49,1.12
NS-CHIP-001,NorthSnack Original Chips 200g,2023-10-09,41,2023-10,2023,2640,2640,0,No,No,9213.6,0.0,6256.8,2321,3.49,1.12
NS-CHIP-001,NorthSnack Original Chips 200g,2023-10-16,42,2023-10,2023,2620,2620,0,No,No,9143.8,0.0,6209.4,2381,3.49,1.12
NS-CHIP-001,NorthSnack Original Chips 200g,2023-10-23,43,2023-10,2023,2650,2650,0,No,No,9248.5,0.0,6280.5,2470,3.49,1.12
NS-CHIP-001,NorthSnack Original Chips 200g,2023-10-30,44,2023-10,2023,2379,31,2348,Yes,No,108.19,8194.52,73.47,2572,3.49,1.12
NS-CHIP-001,NorthSnack Original Chips 200g,2023-11-06,45,2023-11,2023,2213,519,1694,Yes,No,1811.31,5912.06,1230.03,2465,3.49,1.12
NS-CHIP-001,NorthSnack Original Chips 200g,2023-11-13,46,2023-11,2023,1657,1657,0,No,No,5782.93,0.0,3927.09,2224,3.49,1.12
NS-CHIP-001,NorthSnack Original Chips 200g,2023-11-20,47,2023-11,2023,2201,2201,0,No,No,7681.49,0.0,5216.37,2112,3.49,1.12
NS-CHIP-001,NorthSnack Original Chips 200g,2023-11-27,48,2023-11,2023,3414,3414,0,No,Yes,11914.86,0.0,8091.18,2371,3.49,1.12
NS-CHIP-001,NorthSnack Original Chips 200g,2023-12-04,49,2023-12,2023,2054,2054,0,No,No,7168.46,0.0,4867.98,2331,3.49,1.12
NS-CHIP-001,NorthSnack Original Chips 200g,2023-12-11,50,2023-12,2023,1691,1691,0,No,No,5901.59,0.0,4007.67,2340,3.49,1.12
NS-CHIP-001,NorthSnack Original Chips 200g,2023-12-18,51,2023-12,2023,1632,1632,0,No,No,5695.68,0.0,3867.84,2197,3.49,1.12
NS-CHIP-001,NorthSnack Original Chips 200g,2023-12-25,52,2023-12,2023,2261,2261,0,No,No,7890.89,0.0,5358.57,1909,3.49,1.12
NS-CHIP-001,NorthSnack Original Chips 200g,2024-01-01,1,2024-01,2024,2115,2115,0,No,No,7381.35,0.0,5012.55,1924,3.49,1.12
NS-CHIP-001,NorthSnack Original Chips 200g,2024-01-08,2,2024-01,2024,1897,1897,0,No,No,6620.53,0.0,4495.89,1976,3.49,1.12
NS-CHIP-001,NorthSnack Original Chips 200g,2024-01-15,3,2024-01,2024,1965,1965,0,No,No,6857.85,0.0,4657.05,2059,3.49,1.12
NS-CHIP-001,NorthSnack Original Chips 200g,2024-01-22,4,2024-01,2024,1793,1793,0,No,No,6257.57,0.0,4249.41,1942,3.49,1.12
NS-CHIP-001,NorthSnack Original Chips 200g,2024-01-29,5,2024-01,2024,1790,1790,0,No,No,6247.1,0.0,4242.3,1861,3.49,1.12
NS-CHIP-001,NorthSnack Original Chips 200g,2024-02-05,6,2024-02,2024,1655,1655,0,No,No,5775.95,0.0,3922.35,1800,3.49,1.12
NS-CHIP-001,NorthSnack Original Chips 200g,2024-02-12,7,2024-02,2024,1968,1968,0,No,No,6868.32,0.0,4664.16,1801,3.49,1.12
NS-CHIP-001,NorthSnack Original Chips 200g,2024-02-19,8,2024-02,2024,2246,2246,0,No,Yes,7838.54,0.0,5323.02,1914,3.49,1.12
NS-CHIP-001,NorthSnack Original Chips 200g,2024-02-26,9,2024-02,2024,1525,1525,0,No,No,5322.25,0.0,3614.25,1848,3.49,1.12
NS-CHIP-001,NorthSnack Original Chips 200g,2024-03-04,10,2024-03,2024,1467,1467,0,No,No,5119.83,0.0,3476.79,1801,3.49,1.12
NS-CHIP-001,NorthSnack Original Chips 200g,2024-03-11,11,2024-03,2024,1264,1264,0,No,No,4411.36,0.0,2995.68,1625,3.49,1.12
NS-CHIP-001,NorthSnack Original Chips 200g,2024-03-18,12,2024-03,2024,1509,1509,0,No,No,5266.41,0.0,3576.33,1441,3.49,1.12
NS-CHIP-001,NorthSnack Original Chips 200g,2024-03-25,13,2024-03,2024,1556,1556,0,No,No,5430.44,0.0,3687.72,1449,3.49,1.12
NS-CHIP-001,NorthSnack Original Chips 200g,2024-04-01,14,2024-04,2024,1514,688,826,Yes,No,2401.12,2882.74,1630.56,1460,3.49,1.12
NS-CHIP-001,NorthSnack Original Chips 200g,2024-04-08,15,2024-04,2024,1620,62,1558,Yes,No,216.38,5437.42,146.94,1549,3.49,1.12
NS-CHIP-001,NorthSnack Original Chips 200g,2024-04-15,16,2024-04,2024,1178,1178,0,No,No,4111.22,0.0,2791.86,1467,3.49,1.12
NS-CHIP-001,NorthSnack Original Chips 200g,2024-04-22,17,2024-04,2024,1455,1455,0,No,No,5077.95,0.0,3448.35,1441,3.49,1.12
NS-CHIP-001,NorthSnack Original Chips 200g,2024-04-29,18,2024-04,2024,1277,1277,0,No,No,4456.73,0.0,3026.49,1382,3.49,1.12
NS-CHIP-001,NorthSnack Original Chips 200g,2024-05-06,19,2024-05,2024,1647,1647,0,No,No,5748.03,0.0,3903.39,1389,3.49,1.12
NS-CHIP-001,NorthSnack Original Chips 200g,2024-05-13,20,2024-05,2024,1581,1581,0,No,No,5517.69,0.0,3746.97,1490,3.49,1.12
NS-CHIP-001,NorthSnack Original Chips 200g,2024-05-20,21,2024-05,2024,1562,1562,0,No,No,5451.38,0.0,3701.94,1516,3.49,1.12
NS-CHIP-001,NorthSnack Original Chips 200g,2024-05-27,22,2024-05,2024,1907,1907,0,No,Yes,6655.43,0.0,4519.59,1674,3.49,1.12
NS-CHIP-001,NorthSnack Original Chips 200g,2024-06-03,23,2024-06,2024,1639,1639,0,No,No,5720.11,0.0,3884.43,1672,3.49,1.12
NS-CHIP-001,NorthSnack Original Chips 200g,2024-06-10,24,2024-06,2024,1664,1664,0,No,No,5807.36,0.0,3943.68,1693,3.49,1.12
NS-CHIP-001,NorthSnack Original Chips 200g,2024-06-17,25,2024-06,2024,2035,2035,0,No,No,7102.15,0.0,4822.95,1811,3.49,1.12
NS-CHIP-001,NorthSnack Original Chips 200g,2024-06-24,26,2024-06,2024,1962,1962,0,No,No,6847.38,0.0,4649.94,1825,3.49,1.12
NS-CHIP-001,NorthSnack Original Chips 200g,2024-07-01,27,2024-07,2024,1936,1936,0,No,No,6756.64,0.0,4588.32,1899,3.49,1.12
NS-CHIP-001,NorthSnack Original Chips 200g,2024-07-08,28,2024-07,2024,1970,517,1453,Yes,No,1804.33,5070.97,1225.29,1975,3.49,1.12
NS-CHIP-001,NorthSnack Original Chips 200g,2024-07-15,29,2024-07,2024,1975,730,1245,Yes,No,2547.7,4345.05,1730.1,1960,3.49,1.12
NS-CHIP-001,NorthSnack Original Chips 200g,2024-07-22,30,2024-07,2024,1877,215,1662,Yes,No,750.35,5800.38,509.55,1939,3.49,1.12
NS-CHIP-001,NorthSnack Original Chips 200g,2024-07-29,31,2024-07,2024,2096,2096,0,No,No,7315.04,0.0,4967.52,1979,3.49,1.12
NS-CHIP-001,NorthSnack Original Chips 200g,2024-08-05,32,2024-08,2024,2101,2101,0,No,No,7332.49,0.0,4979.37,2012,3.49,1.12
NS-CHIP-001,NorthSnack Original Chips 200g,2024-08-12,33,2024-08,2024,2599,2599,0,No,No,9070.51,0.0,6159.63,2168,3.49,1.12
NS-CHIP-001,NorthSnack Original Chips 200g,2024-08-19,34,2024-08,2024,2203,2203,0,No,No,7688.47,0.0,5221.11,2249,3.49,1.12
NS-CHIP-001,NorthSnack Original Chips 200g,2024-08-26,35,2024-08,2024,2181,2181,0,No,No,7611.69,0.0,5168.97,2271,3.49,1.12
NS-CHIP-001,NorthSnack Original Chips 200g,2024-09-02,36,2024-09,2024,3539,3539,0,No,Yes,12351.11,0.0,8387.43,2630,3.49,1.12
NS-CHIP-001,NorthSnack Original Chips 200g,2024-09-09,37,2024-09,2024,1757,1757,0,No,No,6131.93,0.0,4164.09,2420,3.49,1.12
NS-CHIP-001,NorthSnack Original Chips 200g,2024-09-16,38,2024-09,2024,2664,2664,0,No,No,9297.36,0.0,6313.68,2535,3.49,1.12
NS-CHIP-001,NorthSnack Original Chips 200g,2024-09-23,39,2024-09,2024,2173,2173,0,No,No,7583.77,0.0,5150.01,2533,3.49,1.12
NS-CHIP-001,NorthSnack Original Chips 200g,2024-09-30,40,2024-09,2024,1957,1957,0,No,No,6829.93,0.0,4638.09,2137,3.49,1.12
NS-CHIP-001,NorthSnack Original Chips 200g,2024-10-07,41,2024-10,2024,2079,2079,0,No,No,7255.71,0.0,4927.23,2218,3.49,1.12
NS-CHIP-001,NorthSnack Original Chips 200g,2024-10-14,42,2024-10,2024,2265,2265,0,No,No,7904.85,0.0,5368.05,2118,3.49,1.12
NS-CHIP-001,NorthSnack Original Chips 200g,2024-10-21,43,2024-10,2024,2300,2300,0,No,No,8027.0,0.0,5451.0,2150,3.49,1.12
NS-CHIP-001,NorthSnack Original Chips 200g,2024-10-28,44,2024-10,2024,2142,406,1736,Yes,No,1416.94,6058.64,962.22,2196,3.49,1.12
NS-CHIP-001,NorthSnack Original Chips 200g,2024-11-04,45,2024-11,2024,2160,590,1570,Yes,No,2059.1,5479.3,1398.3,2216,3.49,1.12
NS-CHIP-001,NorthSnack Original Chips 200g,2024-11-11,46,2024-11,2024,2353,2353,0,No,No,8211.97,0.0,5576.61,2238,3.49,1.12
NS-CHIP-001,NorthSnack Original Chips 200g,2024-11-18,47,2024-11,2024,2262,2262,0,No,No,7894.38,0.0,5360.94,2229,3.49,1.12
NS-CHIP-001,NorthSnack Original Chips 200g,2024-11-25,48,2024-11,2024,3455,3455,0,No,Yes,12057.95,0.0,8188.35,2557,3.49,1.12
NS-CHIP-001,NorthSnack Original Chips 200g,2024-12-02,49,2024-12,2024,2117,2117,0,No,No,7388.33,0.0,5017.29,2546,3.49,1.12
NS-CHIP-001,NorthSnack Original Chips 200g,2024-12-09,50,2024-12,2024,2056,2056,0,No,No,7175.44,0.0,4872.72,2472,3.49,1.12
NS-CHIP-001,NorthSnack Original Chips 200g,2024-12-16,51,2024-12,2024,2048,2048,0,No,No,7147.52,0.0,4853.76,2419,3.49,1.12
NS-CHIP-001,NorthSnack Original Chips 200g,2024-12-23,52,2024-12,2024,2012,2012,0,No,No,7021.88,0.0,4768.44,2058,3.49,1.12
NS-BAR-002,NorthSnack Granola Bar 6-pack,2023-01-02,1,2023-01,2023,1132,1132,0,No,No,5648.68,0.0,3554.48,1132,4.99,1.85
NS-BAR-002,NorthSnack Granola Bar 6-pack,2023-01-09,2,2023-01,2023,968,968,0,No,No,4830.32,0.0,3039.52,1050,4.99,1.85
NS-BAR-002,NorthSnack Granola Bar 6-pack,2023-01-16,3,2023-01,2023,992,992,0,No,No,4950.08,0.0,3114.88,1030,4.99,1.85
NS-BAR-002,NorthSnack Granola Bar 6-pack,2023-01-23,4,2023-01,2023,920,920,0,No,No,4590.8,0.0,2888.8,1003,4.99,1.85
NS-BAR-002,NorthSnack Granola Bar 6-pack,2023-01-30,5,2023-01,2023,1727,1727,0,No,Yes,8617.73,0.0,5422.78,1151,4.99,1.85
NS-BAR-002,NorthSnack Granola Bar 6-pack,2023-02-06,6,2023-02,2023,1377,1377,0,No,No,6871.23,0.0,4323.78,1254,4.99,1.85
NS-BAR-002,NorthSnack Granola Bar 6-pack,2023-02-13,7,2023-02,2023,1064,1064,0,No,No,5309.36,0.0,3340.96,1272,4.99,1.85
NS-BAR-002,NorthSnack Granola Bar 6-pack,2023-02-20,8,2023-02,2023,1274,1274,0,No,No,6357.26,0.0,4000.36,1360,4.99,1.85
NS-BAR-002,NorthSnack Granola Bar 6-pack,2023-02-27,9,2023-02,2023,1026,1026,0,No,No,5119.74,0.0,3221.64,1185,4.99,1.85
NS-BAR-002,NorthSnack Granola Bar 6-pack,2023-03-06,10,2023-03,2023,1254,146,1108,Yes,No,728.54,5528.92,458.44,1154,4.99,1.85
NS-BAR-002,NorthSnack Granola Bar 6-pack,2023-03-13,11,2023-03,2023,1348,386,962,Yes,No,1926.14,4800.38,1212.04,1225,4.99,1.85
NS-BAR-002,NorthSnack Granola Bar 6-pack,2023-03-20,12,2023-03,2023,1521,1521,0,No,No,7589.79,0.0,4775.94,1287,4.99,1.85
NS-BAR-002,NorthSnack Granola Bar 6-pack,2023-03-27,13,2023-03,2023,1317,1317,0,No,No,6571.83,0.0,4135.38,1360,4.99,1.85
NS-BAR-002,NorthSnack Granola Bar 6-pack,2023-04-03,14,2023-04,2023,1612,1612,0,No,No,8043.88,0.0,5061.68,1449,4.99,1.85
NS-BAR-002,NorthSnack Granola Bar 6-pack,2023-04-10,15,2023-04,2023,1554,1554,0,No,No,7754.46,0.0,4879.56,1501,4.99,1.85
NS-BAR-002,NorthSnack Granola Bar 6-pack,2023-04-17,16,2023-04,2023,1190,1190,0,No,No,5938.1,0.0,3736.6,1418,4.99,1.85
NS-BAR-002,NorthSnack Granola Bar 6-pack,2023-04-24,17,2023-04,2023,1268,1268,0,No,No,6327.32,0.0,3981.52,1406,4.99,1.85
NS-BAR-002,NorthSnack Granola Bar 6-pack,2023-05-01,18,2023-05,2023,1705,1705,0,No,No,8507.95,0.0,5353.7,1429,4.99,1.85
NS-BAR-002,NorthSnack Granola Bar 6-pack,2023-05-08,19,2023-05,2023,2069,254,1815,Yes,Yes,1267.46,9056.85,797.56,1558,4.99,1.85
NS-BAR-002,NorthSnack Granola Bar 6-pack,2023-05-15,20,2023-05,2023,1069,1,1068,Yes,No,4.99,5329.32,3.14,1527,4.99,1.85
NS-BAR-002,NorthSnack Granola Bar 6-pack,2023-05-22,21,2023-05,2023,1216,1216,0,No,No,6067.84,0.0,3818.24,1514,4.99,1.85
NS-BAR-002,NorthSnack Granola Bar 6-pack,2023-05-29,22,2023-05,2023,1494,1494,0,No,No,7455.06,0.0,4691.16,1462,4.99,1.85
NS-BAR-002,NorthSnack Granola Bar 6-pack,2023-06-05,23,2023-06,2023,1497,1497,0,No,No,7470.03,0.0,4700.58,1319,4.99,1.85
NS-BAR-002,NorthSnack Granola Bar 6-pack,2023-06-12,24,2023-06,2023,1286,1286,0,No,No,6417.14,0.0,4038.04,1373,4.99,1.85
NS-BAR-002,NorthSnack Granola Bar 6-pack,2023-06-19,25,2023-06,2023,1309,1309,0,No,No,6531.91,0.0,4110.26,1396,4.99,1.85
NS-BAR-002,NorthSnack Granola Bar 6-pack,2023-06-26,26,2023-06,2023,1444,1444,0,No,No,7205.56,0.0,4534.16,1384,4.99,1.85
NS-BAR-002,NorthSnack Granola Bar 6-pack,2023-07-03,27,2023-07,2023,1532,1532,0,No,No,7644.68,0.0,4810.48,1392,4.99,1.85
NS-BAR-002,NorthSnack Granola Bar 6-pack,2023-07-10,28,2023-07,2023,1321,1321,0,No,No,6591.79,0.0,4147.94,1401,4.99,1.85
NS-BAR-002,NorthSnack Granola Bar 6-pack,2023-07-17,29,2023-07,2023,1403,1403,0,No,No,7000.97,0.0,4405.42,1425,4.99,1.85
NS-BAR-002,NorthSnack Granola Bar 6-pack,2023-07-24,30,2023-07,2023,1209,1209,0,No,No,6032.91,0.0,3796.26,1366,4.99,1.85
NS-BAR-002,NorthSnack Granola Bar 6-pack,2023-07-31,31,2023-07,2023,1335,1335,0,No,No,6661.65,0.0,4191.9,1317,4.99,1.85
NS-BAR-002,NorthSnack Granola Bar 6-pack,2023-08-07,32,2023-08,2023,1232,1232,0,No,No,6147.68,0.0,3868.48,1294,4.99,1.85
NS-BAR-002,NorthSnack Granola Bar 6-pack,2023-08-14,33,2023-08,2023,2060,881,1179,Yes,Yes,4396.19,5883.21,2766.34,1459,4.99,1.85
NS-BAR-002,NorthSnack Granola Bar 6-pack,2023-08-21,34,2023-08,2023,1385,444,941,Yes,No,2215.56,4695.59,1394.16,1503,4.99,1.85
NS-BAR-002,NorthSnack Granola Bar 6-pack,2023-08-28,35,2023-08,2023,1274,1274,0,No,No,6357.26,0.0,4000.36,1487,4.99,1.85
NS-BAR-002,NorthSnack Granola Bar 6-pack,2023-09-04,36,2023-09,2023,1201,1201,0,No,No,5992.99,0.0,3771.14,1480,4.99,1.85
NS-BAR-002,NorthSnack Granola Bar 6-pack,2023-09-11,37,2023-09,2023,1350,1350,0,No,No,6736.5,0.0,4239.0,1302,4.99,1.85
NS-BAR-002,NorthSnack Granola Bar 6-pack,2023-09-18,38,2023-09,2023,1102,1102,0,No,No,5498.98,0.0,3460.28,1231,4.99,1.85
NS-BAR-002,NorthSnack Granola Bar 6-pack,2023-09-25,39,2023-09,2023,998,998,0,No,No,4980.02,0.0,3133.72,1162,4.99,1.85
NS-BAR-002,NorthSnack Granola Bar 6-pack,2023-10-02,40,2023-10,2023,1072,1072,0,No,No,5349.28,0.0,3366.08,1130,4.99,1.85
NS-BAR-002,NorthSnack Granola Bar 6-pack,2023-10-09,41,2023-10,2023,1135,1135,0,No,No,5663.65,0.0,3563.9,1076,4.99,1.85
NS-BAR-002,NorthSnack Granola Bar 6-pack,2023-10-16,42,2023-10,2023,1100,1100,0,No,No,5489.0,0.0,3454.0,1076,4.99,1.85
NS-BAR-002,NorthSnack Granola Bar 6-pack,2023-10-23,43,2023-10,2023,1046,1046,0,No,No,5219.54,0.0,3284.44,1088,4.99,1.85
NS-BAR-002,NorthSnack Granola Bar 6-pack,2023-10-30,44,2023-10,2023,918,918,0,No,No,4580.82,0.0,2882.52,1049,4.99,1.85
NS-BAR-002,NorthSnack Granola Bar 6-pack,2023-11-06,45,2023-11,2023,918,918,0,No,No,4580.82,0.0,2882.52,995,4.99,1.85
NS-BAR-002,NorthSnack Granola Bar 6-pack,2023-11-13,46,2023-11,2023,1219,445,774,Yes,Yes,2220.55,3862.26,1397.3,1025,4.99,1.85
NS-BAR-002,NorthSnack Granola Bar 6-pack,2023-11-20,47,2023-11,2023,1166,1166,0,No,No,5818.34,0.0,3661.24,1055,4.99,1.85
NS-BAR-002,NorthSnack Granola Bar 6-pack,2023-11-27,48,2023-11,2023,1245,1245,0,No,No,6212.55,0.0,3909.3,1137,4.99,1.85
NS-BAR-002,NorthSnack Granola Bar 6-pack,2023-12-04,49,2023-12,2023,1130,1130,0,No,No,5638.7,0.0,3548.2,1190,4.99,1.85
NS-BAR-002,NorthSnack Granola Bar 6-pack,2023-12-11,50,2023-12,2023,1063,1063,0,No,No,5304.37,0.0,3337.82,1151,4.99,1.85
NS-BAR-002,NorthSnack Granola Bar 6-pack,2023-12-18,51,2023-12,2023,841,841,0,No,No,4196.59,0.0,2640.74,1069,4.99,1.85
NS-BAR-002,NorthSnack Granola Bar 6-pack,2023-12-25,52,2023-12,2023,850,850,0,No,No,4241.5,0.0,2669.0,971,4.99,1.85
NS-BAR-002,NorthSnack Granola Bar 6-pack,2024-01-01,1,2024-01,2024,1181,1181,0,No,No,5893.19,0.0,3708.34,983,4.99,1.85
NS-BAR-002,NorthSnack Granola Bar 6-pack,2024-01-08,2,2024-01,2024,1141,1141,0,No,No,5693.59,0.0,3582.74,1003,4.99,1.85
NS-BAR-002,NorthSnack Granola Bar 6-pack,2024-01-15,3,2024-01,2024,1176,1176,0,No,No,5868.24,0.0,3692.64,1087,4.99,1.85
NS-BAR-002,NorthSnack Granola Bar 6-pack,2024-01-22,4,2024-01,2024,1149,1149,0,No,No,5733.51,0.0,3607.86,1161,4.99,1.85
NS-BAR-002,NorthSnack Granola Bar 6-pack,2024-01-29,5,2024-01,2024,1318,1318,0,No,Yes,6576.82,0.0,4138.52,1196,4.99,1.85
NS-BAR-002,NorthSnack Granola Bar 6-pack,2024-02-05,6,2024-02,2024,984,984,0,No,No,4910.16,0.0,3089.76,1156,4.99,1.85
NS-BAR-002,NorthSnack Granola Bar 6-pack,2024-02-12,7,2024-02,2024,1345,1345,0,No,No,6711.55,0.0,4223.3,1199,4.99,1.85
NS-BAR-002,NorthSnack Granola Bar 6-pack,2024-02-19,8,2024-02,2024,1244,1244,0,No,No,6207.56,0.0,3906.16,1222,4.99,1.85
NS-BAR-002,NorthSnack Granola Bar 6-pack,2024-02-26,9,2024-02,2024,1286,1286,0,No,No,6417.14,0.0,4038.04,1214,4.99,1.85
NS-BAR-002,NorthSnack Granola Bar 6-pack,2024-03-04,10,2024-03,2024,1341,13,1328,Yes,No,64.87,6626.72,40.82,1304,4.99,1.85
NS-BAR-002,NorthSnack Granola Bar 6-pack,2024-03-11,11,2024-03,2024,1296,646,650,Yes,No,3223.54,3243.5,2028.44,1291,4.99,1.85
NS-BAR-002,NorthSnack Granola Bar 6-pack,2024-03-18,12,2024-03,2024,1251,1251,0,No,No,6242.49,0.0,3928.14,1293,4.99,1.85
NS-BAR-002,NorthSnack Granola Bar 6-pack,2024-03-25,13,2024-03,2024,1544,1544,0,No,No,7704.56,0.0,4848.16,1358,4.99,1.85
NS-BAR-002,NorthSnack Granola Bar 6-pack,2024-04-01,14,2024-04,2024,1389,1389,0,No,No,6931.11,0.0,4361.46,1370,4.99,1.85
NS-BAR-002,NorthSnack Granola Bar 6-pack,2024-04-08,15,2024-04,2024,1599,1599,0,No,No,7979.01,0.0,5020.86,1445,4.99,1.85
NS-BAR-002,NorthSnack Granola Bar 6-pack,2024-04-15,16,2024-04,2024,1446,1446,0,No,No,7215.54,0.0,4540.44,1494,4.99,1.85
NS-BAR-002,NorthSnack Granola Bar 6-pack,2024-04-22,17,2024-04,2024,1498,1498,0,No,No,7475.02,0.0,4703.72,1483,4.99,1.85
NS-BAR-002,NorthSnack Granola Bar 6-pack,2024-04-29,18,2024-04,2024,1177,1177,0,No,No,5873.23,0.0,3695.78,1430,4.99,1.85
NS-BAR-002,NorthSnack Granola Bar 6-pack,2024-05-06,19,2024-05,2024,2242,197,2045,Yes,Yes,983.03,10204.55,618.58,1590,4.99,1.85
NS-BAR-002,NorthSnack Granola Bar 6-pack,2024-05-13,20,2024-05,2024,1369,313,1056,Yes,No,1561.87,5269.44,982.82,1571,4.99,1.85
NS-BAR-002,NorthSnack Granola Bar 6-pack,2024-05-20,21,2024-05,2024,1429,1429,0,No,No,7130.71,0.0,4487.06,1554,4.99,1.85
NS-BAR-002,NorthSnack Granola Bar 6-pack,2024-05-27,22,2024-05,2024,1413,1413,0,No,No,7050.87,0.0,4436.82,1613,4.99,1.85
NS-BAR-002,NorthSnack Granola Bar 6-pack,2024-06-03,23,2024-06,2024,1039,1039,0,No,No,5184.61,0.0,3262.46,1312,4.99,1.85
NS-BAR-002,NorthSnack Granola Bar 6-pack,2024-06-10,24,2024-06,2024,1322,1322,0,No,No,6596.78,0.0,4151.08,1300,4.99,1.85
NS-BAR-002,NorthSnack Granola Bar 6-pack,2024-06-17,25,2024-06,2024,1280,1280,0,No,No,6387.2,0.0,4019.2,1263,4.99,1.85
NS-BAR-002,NorthSnack Granola Bar 6-pack,2024-06-24,26,2024-06,2024,1597,1597,0,No,No,7969.03,0.0,5014.58,1309,4.99,1.85
NS-BAR-002,NorthSnack Granola Bar 6-pack,2024-07-01,27,2024-07,2024,1509,1509,0,No,No,7529.91,0.0,4738.26,1427,4.99,1.85
NS-BAR-002,NorthSnack Granola Bar 6-pack,2024-07-08,28,2024-07,2024,1570,1570,0,No,No,7834.3,0.0,4929.8,1489,4.99,1.85
NS-BAR-002,NorthSnack Granola Bar 6-pack,2024-07-15,29,2024-07,2024,1174,1174,0,No,No,5858.26,0.0,3686.36,1462,4.99,1.85
NS-BAR-002,NorthSnack Granola Bar 6-pack,2024-07-22,30,2024-07,2024,1326,1326,0,No,No,6616.74,0.0,4163.64,1394,4.99,1.85
NS-BAR-002,NorthSnack Granola Bar 6-pack,2024-07-29,31,2024-07,2024,1299,1299,0,No,No,6482.01,0.0,4078.86,1342,4.99,1.85
NS-BAR-002,NorthSnack Granola Bar 6-pack,2024-08-05,32,2024-08,2024,1479,1479,0,No,No,7380.21,0.0,4644.06,1319,4.99,1.85
NS-BAR-002,NorthSnack Granola Bar 6-pack,2024-08-12,33,2024-08,2024,1908,58,1850,Yes,Yes,289.42,9231.5,182.12,1503,4.99,1.85
NS-BAR-002,NorthSnack Granola Bar 6-pack,2024-08-19,34,2024-08,2024,1451,445,1006,Yes,No,2220.55,5019.94,1397.3,1534,4.99,1.85
NS-BAR-002,NorthSnack Granola Bar 6-pack,2024-08-26,35,2024-08,2024,1179,1179,0,No,No,5883.21,0.0,3702.06,1504,4.99,1.85
NS-BAR-002,NorthSnack Granola Bar 6-pack,2024-09-02,36,2024-09,2024,1106,1106,0,No,No,5518.94,0.0,3472.84,1411,4.99,1.85
NS-BAR-002,NorthSnack Granola Bar 6-pack,2024-09-09,37,2024-09,2024,1275,1275,0,No,No,6362.25,0.0,4003.5,1252,4.99,1.85
NS-BAR-002,NorthSnack Granola Bar 6-pack,2024-09-16,38,2024-09,2024,1359,1359,0,No,No,6781.41,0.0,4267.26,1229,4.99,1.85
NS-BAR-002,NorthSnack Granola Bar 6-pack,2024-09-23,39,2024-09,2024,1199,1199,0,No,No,5983.01,0.0,3764.86,1234,4.99,1.85
NS-BAR-002,NorthSnack Granola Bar 6-pack,2024-09-30,40,2024-09,2024,1288,1288,0,No,No,6427.12,0.0,4044.32,1280,4.99,1.85
NS-BAR-002,NorthSnack Granola Bar 6-pack,2024-10-07,41,2024-10,2024,1208,1208,0,No,No,6027.92,0.0,3793.12,1263,4.99,1.85
NS-BAR-002,NorthSnack Granola Bar 6-pack,2024-10-14,42,2024-10,2024,1088,1088,0,No,No,5429.12,0.0,3416.32,1195,4.99,1.85
NS-BAR-002,NorthSnack Granola Bar 6-pack,2024-10-21,43,2024-10,2024,1025,1025,0,No,No,5114.75,0.0,3218.5,1152,4.99,1.85
NS-BAR-002,NorthSnack Granola Bar 6-pack,2024-10-28,44,2024-10,2024,972,972,0,No,No,4850.28,0.0,3052.08,1073,4.99,1.85
NS-BAR-002,NorthSnack Granola Bar 6-pack,2024-11-04,45,2024-11,2024,1000,1000,0,No,No,4990.0,0.0,3140.0,1021,4.99,1.85
NS-BAR-002,NorthSnack Granola Bar 6-pack,2024-11-11,46,2024-11,2024,1350,338,1012,Yes,Yes,1686.62,5049.88,1061.32,1086,4.99,1.85
NS-BAR-002,NorthSnack Granola Bar 6-pack,2024-11-18,47,2024-11,2024,1038,1038,0,No,No,5179.62,0.0,3259.32,1090,4.99,1.85
NS-BAR-002,NorthSnack Granola Bar 6-pack,2024-11-25,48,2024-11,2024,949,949,0,No,No,4735.51,0.0,2979.86,1084,4.99,1.85
NS-BAR-002,NorthSnack Granola Bar 6-pack,2024-12-02,49,2024-12,2024,972,972,0,No,No,4850.28,0.0,3052.08,1077,4.99,1.85
NS-BAR-002,NorthSnack Granola Bar 6-pack,2024-12-09,50,2024-12,2024,1076,1076,0,No,No,5369.24,0.0,3378.64,1008,4.99,1.85
NS-BAR-002,NorthSnack Granola Bar 6-pack,2024-12-16,51,2024-12,2024,1106,1106,0,No,No,5518.94,0.0,3472.84,1025,4.99,1.85
NS-BAR-002,NorthSnack Granola Bar 6-pack,2024-12-23,52,2024-12,2024,1160,1160,0,No,No,5788.4,0.0,3642.4,1078,4.99,1.85
NS-MIX-003,NorthSnack Trail Mix 300g,2023-01-02,1,2023-01,2023,1303,1303,0,No,No,7804.97,0.0,5068.67,1303,5.99,2.1
NS-MIX-003,NorthSnack Trail Mix 300g,2023-01-09,2,2023-01,2023,1078,1078,0,No,No,6457.22,0.0,4193.42,1190,5.99,2.1
NS-MIX-003,NorthSnack Trail Mix 300g,2023-01-16,3,2023-01,2023,1086,1086,0,No,No,6505.14,0.0,4224.54,1155,5.99,2.1
NS-MIX-003,NorthSnack Trail Mix 300g,2023-01-23,4,2023-01,2023,1184,1184,0,No,No,7092.16,0.0,4605.76,1162,5.99,2.1
NS-MIX-003,NorthSnack Trail Mix 300g,2023-01-30,5,2023-01,2023,1139,1139,0,No,No,6822.61,0.0,4430.71,1121,5.99,2.1
NS-MIX-003,NorthSnack Trail Mix 300g,2023-02-06,6,2023-02,2023,1347,1347,0,No,No,8068.53,0.0,5239.83,1189,5.99,2.1
NS-MIX-003,NorthSnack Trail Mix 300g,2023-02-13,7,2023-02,2023,894,894,0,No,No,5355.06,0.0,3477.66,1141,5.99,2.1
NS-MIX-003,NorthSnack Trail Mix 300g,2023-02-20,8,2023-02,2023,1036,1036,0,No,No,6205.64,0.0,4030.04,1104,5.99,2.1
NS-MIX-003,NorthSnack Trail Mix 300g,2023-02-27,9,2023-02,2023,969,969,0,No,No,5804.31,0.0,3769.41,1061,5.99,2.1
NS-MIX-003,NorthSnack Trail Mix 300g,2023-03-06,10,2023-03,2023,1000,1000,0,No,No,5990.0,0.0,3890.0,974,5.99,2.1
NS-MIX-003,NorthSnack Trail Mix 300g,2023-03-13,11,2023-03,2023,983,983,0,No,No,5888.17,0.0,3823.87,997,5.99,2.1
NS-MIX-003,NorthSnack Trail Mix 300g,2023-03-20,12,2023-03,2023,1332,387,945,Yes,Yes,2318.13,5660.55,1505.43,1071,5.99,2.1
NS-MIX-003,NorthSnack Trail Mix 300g,2023-03-27,13,2023-03,2023,723,112,611,Yes,No,670.88,3659.89,435.68,1009,5.99,2.1
NS-MIX-003,NorthSnack Trail Mix 300g,2023-04-03,14,2023-04,2023,792,792,0,No,No,4744.08,0.0,3080.88,957,5.99,2.1
NS-MIX-003,NorthSnack Trail Mix 300g,2023-04-10,15,2023-04,2023,878,878,0,No,No,5259.22,0.0,3415.42,931,5.99,2.1
NS-MIX-003,NorthSnack Trail Mix 300g,2023-04-17,16,2023-04,2023,657,657,0,No,No,3935.43,0.0,2555.73,762,5.99,2.1
NS-MIX-003,NorthSnack Trail Mix 300g,2023-04-24,17,2023-04,2023,679,679,0,No,No,4067.21,0.0,2641.31,751,5.99,2.1
NS-MIX-003,NorthSnack Trail Mix 300g,2023-05-01,18,2023-05,2023,592,592,0,No,No,3546.08,0.0,2302.88,701,5.99,2.1
NS-MIX-003,NorthSnack Trail Mix 300g,2023-05-08,19,2023-05,2023,619,619,0,No,No,3707.81,0.0,2407.91,636,5.99,2.1
NS-MIX-003,NorthSnack Trail Mix 300g,2023-05-15,20,2023-05,2023,664,664,0,No,No,3977.36,0.0,2582.96,638,5.99,2.1
NS-MIX-003,NorthSnack Trail Mix 300g,2023-05-22,21,2023-05,2023,802,802,0,No,No,4803.98,0.0,3119.78,669,5.99,2.1
NS-MIX-003,NorthSnack Trail Mix 300g,2023-05-29,22,2023-05,2023,603,603,0,No,No,3611.97,0.0,2345.67,672,5.99,2.1
NS-MIX-003,NorthSnack Trail Mix 300g,2023-06-05,23,2023-06,2023,575,575,0,No,No,3444.25,0.0,2236.75,661,5.99,2.1
NS-MIX-003,NorthSnack Trail Mix 300g,2023-06-12,24,2023-06,2023,775,775,0,No,No,4642.25,0.0,3014.75,688,5.99,2.1
NS-MIX-003,NorthSnack Trail Mix 300g,2023-06-19,25,2023-06,2023,590,590,0,No,No,3534.1,0.0,2295.1,635,5.99,2.1
NS-MIX-003,NorthSnack Trail Mix 300g,2023-06-26,26,2023-06,2023,1157,565,592,Yes,Yes,3384.35,3546.08,2197.85,774,5.99,2.1
NS-MIX-003,NorthSnack Trail Mix 300g,2023-07-03,27,2023-07,2023,583,164,419,Yes,No,982.36,2509.81,637.96,776,5.99,2.1
NS-MIX-003,NorthSnack Trail Mix 300g,2023-07-10,28,2023-07,2023,650,43,607,Yes,No,257.57,3635.93,167.27,745,5.99,2.1
NS-MIX-003,NorthSnack Trail Mix 300g,2023-07-17,29,2023-07,2023,771,771,0,No,No,4618.29,0.0,2999.19,790,5.99,2.1
NS-MIX-003,NorthSnack Trail Mix 300g,2023-07-24,30,2023-07,2023,792,792,0,No,No,4744.08,0.0,3080.88,699,5.99,2.1
NS-MIX-003,NorthSnack Trail Mix 300g,2023-07-31,31,2023-07,2023,905,905,0,No,No,5420.95,0.0,3520.45,779,5.99,2.1
NS-MIX-003,NorthSnack Trail Mix 300g,2023-08-07,32,2023-08,2023,908,908,0,No,No,5438.92,0.0,3532.12,844,5.99,2.1
NS-MIX-003,NorthSnack Trail Mix 300g,2023-08-14,33,2023-08,2023,1037,1037,0,No,No,6211.63,0.0,4033.93,910,5.99,2.1
NS-MIX-003,NorthSnack Trail Mix 300g,2023-08-21,34,2023-08,2023,918,918,0,No,No,5498.82,0.0,3571.02,942,5.99,2.1
NS-MIX-003,NorthSnack Trail Mix 300g,2023-08-28,35,2023-08,2023,821,821,0,No,No,4917.79,0.0,3193.69,921,5.99,2.1
NS-MIX-003,NorthSnack Trail Mix 300g,2023-09-04,36,2023-09,2023,900,900,0,No,No,5391.0,0.0,3501.0,919,5.99,2.1
NS-MIX-003,NorthSnack Trail Mix 300g,2023-09-11,37,2023-09,2023,1017,1017,0,No,No,6091.83,0.0,3956.13,914,5.99,2.1
NS-MIX-003,NorthSnack Trail Mix 300g,2023-09-18,38,2023-09,2023,1137,1137,0,No,No,6810.63,0.0,4422.93,968,5.99,2.1
NS-MIX-003,NorthSnack Trail Mix 300g,2023-09-25,39,2023-09,2023,890,890,0,No,No,5331.1,0.0,3462.1,986,5.99,2.1
NS-MIX-003,NorthSnack Trail Mix 300g,2023-10-02,40,2023-10,2023,1879,785,1094,Yes,Yes,4702.15,6553.06,3053.65,1230,5.99,2.1
NS-MIX-003,NorthSnack Trail Mix 300g,2023-10-09,41,2023-10,2023,1082,348,734,Yes,No,2084.52,4396.66,1353.72,1247,5.99,2.1
NS-MIX-003,NorthSnack Trail Mix 300g,2023-10-16,42,2023-10,2023,1211,1211,0,No,No,7253.89,0.0,4710.79,1265,5.99,2.1
NS-MIX-003,NorthSnack Trail Mix 300g,2023-10-23,43,2023-10,2023,1454,1454,0,No,No,8709.46,0.0,5656.06,1406,5.99,2.1
NS-MIX-003,NorthSnack Trail Mix 300g,2023-10-30,44,2023-10,2023,1398,1398,0,No,No,8374.02,0.0,5438.22,1286,5.99,2.1
NS-MIX-003,NorthSnack Trail Mix 300g,2023-11-06,45,2023-11,2023,1255,1255,0,No,No,7517.45,0.0,4881.95,1329,5.99,2.1
NS-MIX-003,NorthSnack Trail Mix 300g,2023-11-13,46,2023-11,2023,1499,1499,0,No,No,8979.01,0.0,5831.11,1401,5.99,2.1
NS-MIX-003,NorthSnack Trail Mix 300g,2023-11-20,47,2023-11,2023,1344,1344,0,No,No,8050.56,0.0,5228.16,1374,5.99,2.1
NS-MIX-003,NorthSnack Trail Mix 300g,2023-11-27,48,2023-11,2023,1403,1403,0,No,No,8403.97,0.0,5457.67,1375,5.99,2.1
NS-MIX-003,NorthSnack Trail Mix 300g,2023-12-04,49,2023-12,2023,1450,1450,0,No,No,8685.5,0.0,5640.5,1424,5.99,2.1
NS-MIX-003,NorthSnack Trail Mix 300g,2023-12-11,50,2023-12,2023,1977,485,1492,Yes,Yes,2905.15,8937.08,1886.65,1543,5.99,2.1
NS-MIX-003,NorthSnack Trail Mix 300g,2023-12-18,51,2023-12,2023,1187,215,972,Yes,No,1287.85,5822.28,836.35,1504,5.99,2.1
NS-MIX-003,NorthSnack Trail Mix 300g,2023-12-25,52,2023-12,2023,1283,1283,0,No,No,7685.17,0.0,4990.87,1474,5.99,2.1
NS-MIX-003,NorthSnack Trail Mix 300g,2024-01-01,1,2024-01,2024,1509,1509,0,No,No,9038.91,0.0,5870.01,1489,5.99,2.1
NS-MIX-003,NorthSnack Trail Mix 300g,2024-01-08,2,2024-01,2024,1269,1269,0,No,No,7601.31,0.0,4936.41,1312,5.99,2.1
NS-MIX-003,NorthSnack Trail Mix 300g,2024-01-15,3,2024-01,2024,1020,1020,0,No,No,6109.8,0.0,3967.8,1270,5.99,2.1
NS-MIX-003,NorthSnack Trail Mix 300g,2024-01-22,4,2024-01,2024,1169,1169,0,No,No,7002.31,0.0,4547.41,1241,5.99,2.1
NS-MIX-003,NorthSnack Trail Mix 300g,2024-01-29,5,2024-01,2024,1100,1100,0,No,No,6589.0,0.0,4279.0,1139,5.99,2.1
NS-MIX-003,NorthSnack Trail Mix 300g,2024-02-05,6,2024-02,2024,1098,1098,0,No,No,6577.02,0.0,4271.22,1096,5.99,2.1
NS-MIX-003,NorthSnack Trail Mix 300g,2024-02-12,7,2024-02,2024,1219,1219,0,No,No,7301.81,0.0,4741.91,1146,5.99,2.1
NS-MIX-003,NorthSnack Trail Mix 300g,2024-02-19,8,2024-02,2024,1047,1047,0,No,No,6271.53,0.0,4072.83,1116,5.99,2.1
NS-MIX-003,NorthSnack Trail Mix 300g,2024-02-26,9,2024-02,2024,901,901,0,No,No,5396.99,0.0,3504.89,1066,5.99,2.1
NS-MIX-003,NorthSnack Trail Mix 300g,2024-03-04,10,2024-03,2024,949,949,0,No,No,5684.51,0.0,3691.61,1029,5.99,2.1
NS-MIX-003,NorthSnack Trail Mix 300g,2024-03-11,11,2024-03,2024,728,728,0,No,No,4360.72,0.0,2831.92,906,5.99,2.1
NS-MIX-003,NorthSnack Trail Mix 300g,2024-03-18,12,2024-03,2024,1262,310,952,Yes,Yes,1856.9,5702.48,1205.9,960,5.99,2.1
NS-MIX-003,NorthSnack Trail Mix 300g,2024-03-25,13,2024-03,2024,728,47,681,Yes,No,281.53,4079.19,182.83,916,5.99,2.1
NS-MIX-003,NorthSnack Trail Mix 300g,2024-04-01,14,2024-04,2024,795,795,0,No,No,4762.05,0.0,3092.55,878,5.99,2.1
NS-MIX-003,NorthSnack Trail Mix 300g,2024-04-08,15,2024-04,2024,891,891,0,No,No,5337.09,0.0,3465.99,919,5.99,2.1
NS-MIX-003,NorthSnack Trail Mix 300g,2024-04-15,16,2024-04,2024,774,774,0,No,No,4636.26,0.0,3010.86,797,5.99,2.1
NS-MIX-003,NorthSnack Trail Mix 300g,2024-04-22,17,2024-04,2024,627,627,0,No,No,3755.73,0.0,2439.03,771,5.99,2.1
NS-MIX-003,NorthSnack Trail Mix 300g,2024-04-29,18,2024-04,2024,658,658,0,No,No,3941.42,0.0,2559.62,737,5.99,2.1
NS-MIX-003,NorthSnack Trail Mix 300g,2024-05-06,19,2024-05,2024,762,762,0,No,No,4564.38,0.0,2964.18,705,5.99,2.1
NS-MIX-003,NorthSnack Trail Mix 300g,2024-05-13,20,2024-05,2024,795,795,0,No,No,4762.05,0.0,3092.55,710,5.99,2.1
NS-MIX-003,NorthSnack Trail Mix 300g,2024-05-20,21,2024-05,2024,693,693,0,No,No,4151.07,0.0,2695.77,727,5.99,2.1
NS-MIX-003,NorthSnack Trail Mix 300g,2024-05-27,22,2024-05,2024,623,623,0,No,No,3731.77,0.0,2423.47,718,5.99,2.1
NS-MIX-003,NorthSnack Trail Mix 300g,2024-06-03,23,2024-06,2024,699,699,0,No,No,4187.01,0.0,2719.11,702,5.99,2.1
NS-MIX-003,NorthSnack Trail Mix 300g,2024-06-10,24,2024-06,2024,677,677,0,No,No,4055.23,0.0,2633.53,673,5.99,2.1
NS-MIX-003,NorthSnack Trail Mix 300g,2024-06-17,25,2024-06,2024,667,667,0,No,No,3995.33,0.0,2594.63,666,5.99,2.1
NS-MIX-003,NorthSnack Trail Mix 300g,2024-06-24,26,2024-06,2024,1067,433,634,Yes,Yes,2593.67,3797.66,1684.37,777,5.99,2.1
NS-MIX-003,NorthSnack Trail Mix 300g,2024-07-01,27,2024-07,2024,656,171,485,Yes,No,1024.29,2905.15,665.19,766,5.99,2.1
NS-MIX-003,NorthSnack Trail Mix 300g,2024-07-08,28,2024-07,2024,662,250,412,Yes,No,1497.5,2467.88,972.5,763,5.99,2.1
NS-MIX-003,NorthSnack Trail Mix 300g,2024-07-15,29,2024-07,2024,696,696,0,No,No,4169.04,0.0,2707.44,770,5.99,2.1
NS-MIX-003,NorthSnack Trail Mix 300g,2024-07-22,30,2024-07,2024,782,782,0,No,No,4684.18,0.0,3041.98,699,5.99,2.1
NS-MIX-003,NorthSnack Trail Mix 300g,2024-07-29,31,2024-07,2024,774,774,0,No,No,4636.26,0.0,3010.86,728,5.99,2.1
NS-MIX-003,NorthSnack Trail Mix 300g,2024-08-05,32,2024-08,2024,932,932,0,No,No,5582.68,0.0,3625.48,796,5.99,2.1
NS-MIX-003,NorthSnack Trail Mix 300g,2024-08-12,33,2024-08,2024,822,822,0,No,No,4923.78,0.0,3197.58,827,5.99,2.1
NS-MIX-003,NorthSnack Trail Mix 300g,2024-08-19,34,2024-08,2024,964,964,0,No,No,5774.36,0.0,3749.96,873,5.99,2.1
NS-MIX-003,NorthSnack Trail Mix 300g,2024-08-26,35,2024-08,2024,1062,1062,0,No,No,6361.38,0.0,4131.18,945,5.99,2.1
NS-MIX-003,NorthSnack Trail Mix 300g,2024-09-02,36,2024-09,2024,1099,1099,0,No,No,6583.01,0.0,4275.11,986,5.99,2.1
NS-MIX-003,NorthSnack Trail Mix 300g,2024-09-09,37,2024-09,2024,1013,1013,0,No,No,6067.87,0.0,3940.57,1034,5.99,2.1
NS-MIX-003,NorthSnack Trail Mix 300g,2024-09-16,38,2024-09,2024,1276,1276,0,No,No,7643.24,0.0,4963.64,1112,5.99,2.1
NS-MIX-003,NorthSnack Trail Mix 300g,2024-09-23,39,2024-09,2024,1299,1299,0,No,No,7781.01,0.0,5053.11,1171,5.99,2.1
NS-MIX-003,NorthSnack Trail Mix 300g,2024-09-30,40,2024-09,2024,1671,560,1111,Yes,Yes,3354.4,6654.89,2178.4,1314,5.99,2.1
NS-MIX-003,NorthSnack Trail Mix 300g,2024-10-07,41,2024-10,2024,989,382,607,Yes,No,2288.18,3635.93,1485.98,1308,5.99,2.1
NS-MIX-003,NorthSnack Trail Mix 300g,2024-10-14,42,2024-10,2024,1236,1236,0,No,No,7403.64,0.0,4808.04,1298,5.99,2.1
NS-MIX-003,NorthSnack Trail Mix 300g,2024-10-21,43,2024-10,2024,1241,1241,0,No,No,7433.59,0.0,4827.49,1284,5.99,2.1
NS-MIX-003,NorthSnack Trail Mix 300g,2024-10-28,44,2024-10,2024,1213,1213,0,No,No,7265.87,0.0,4718.57,1169,5.99,2.1
NS-MIX-003,NorthSnack Trail Mix 300g,2024-11-04,45,2024-11,2024,1422,1422,0,No,No,8517.78,0.0,5531.58,1278,5.99,2.1
NS-MIX-003,NorthSnack Trail Mix 300g,2024-11-11,46,2024-11,2024,1242,1242,0,No,No,7439.58,0.0,4831.38,1279,5.99,2.1
NS-MIX-003,NorthSnack Trail Mix 300g,2024-11-18,47,2024-11,2024,1307,1307,0,No,No,7828.93,0.0,5084.23,1296,5.99,2.1
NS-MIX-003,NorthSnack Trail Mix 300g,2024-11-25,48,2024-11,2024,1111,1111,0,No,No,6654.89,0.0,4321.79,1270,5.99,2.1
NS-MIX-003,NorthSnack Trail Mix 300g,2024-12-02,49,2024-12,2024,1359,1359,0,No,No,8140.41,0.0,5286.51,1254,5.99,2.1
NS-MIX-003,NorthSnack Trail Mix 300g,2024-12-09,50,2024-12,2024,1772,806,966,Yes,Yes,4827.94,5786.34,3135.34,1387,5.99,2.1
NS-MIX-003,NorthSnack Trail Mix 300g,2024-12-16,51,2024-12,2024,1321,11,1310,Yes,No,65.89,7846.9,42.79,1390,5.99,2.1
NS-MIX-003,NorthSnack Trail Mix 300g,2024-12-23,52,2024-12,2024,1447,1447,0,No,No,8667.53,0.0,5628.83,1474,5.99,2.1
